text,label
配合前端完成接口对接，联调顺利,0
排查线上内存泄漏，定位到缓存未失效,1
排查线上内存泄漏，定位到缓存未失效,1
配合前端完成接口对接，联调顺利,0
整理需求文档，与产品对齐了字段定义,1
排查线上内存泄漏，定位到缓存未失效,1
配合前端完成接口对接，联调顺利,0
修复了登录超时的问题并补充了单测,1
今天完成了订单模块联调，测试通过,1
修复了登录超时的问题并补充了单测,1
修复了登录超时的问题并补充了单测,1
配合前端完成接口对接，联调顺利,0
配合前端完成接口对接，联调顺利,0
今天完成了订单模块联调，测试通过,1
整理需求文档，与产品对齐了字段定义,1
配合前端完成接口对接，联调顺利,0
今天完成了订单模块联调，测试通过,1
排查线上内存泄漏，定位到缓存未失效,1
今天完成了订单模块联调，测试通过,1
整理需求文档，与产品对齐了字段定义,1
配合前端完成接口对接，联调顺利,0
修复了登录超时的问题并补充了单测,1
修复了登录超时的问题并补充了单测,1
修复了登录超时的问题并补充了单测,1
排查线上内存泄漏，定位到缓存未失效,1
修复了登录超时的问题并补充了单测,1
配合前端完成接口对接，联调顺利,0
整理需求文档，与产品对齐了字段定义,1
整理需求文档，与产品对齐了字段定义,1
整理需求文档，与产品对齐了字段定义,1
整理需求文档，与产品对齐了字段定义,1
整理需求文档，与产品对齐了字段定义,1
整理需求文档，与产品对齐了字段定义,1
配合前端完成接口对接，联调顺利,0
配合前端完成接口对接，联调顺利,0
排查线上内存泄漏，定位到缓存未失效,1
排查线上内存泄漏，定位到缓存未失效,1
排查线上内存泄漏，定位到缓存未失效,1
修复了登录超时的问题并补充了单测,1
配合前端完成接口对接，联调顺利,0
整理需求文档，与产品对齐了字段定义,1
修复了登录超时的问题并补充了单测,1
配合前端完成接口对接，联调顺利,0
今天完成了订单模块联调，测试通过,1
配合前端完成接口对接，联调顺利,0
排查线上内存泄漏，定位到缓存未失效,1
今天完成了订单模块联调，测试通过,1
今天完成了订单模块联调，测试通过,1
整理需求文档，与产品对齐了字段定义,1
今天完成了订单模块联调，测试通过,1
今天完成了订单模块联调，测试通过,1
整理需求文档，与产品对齐了字段定义,1
配合前端完成接口对接，联调顺利,0
整理需求文档，与产品对齐了字段定义,1
配合前端完成接口对接，联调顺利,0
配合前端完成接口对接，联调顺利,0
配合前端完成接口对接，联调顺利,0
排查线上内存泄漏，定位到缓存未失效,1
整理需求文档，与产品对齐了字段定义,1
整理需求文档，与产品对齐了字段定义,1
修复了登录超时的问题并补充了单测,1
整理需求文档，与产品对齐了字段定义,1
修复了登录超时的问题并补充了单测,1
修复了登录超时的问题并补充了单测,1
配合前端完成接口对接，联调顺利,0
今天完成了订单模块联调，测试通过,1
今天完成了订单模块联调，测试通过,1
今天完成了订单模块联调，测试通过,1
配合前端完成接口对接，联调顺利,0
排查线上内存泄漏，定位到缓存未失效,1
配合前端完成接口对接，联调顺利,0
修复了登录超时的问题并补充了单测,1
排查线上内存泄漏，定位到缓存未失效,1
修复了登录超时的问题并补充了单测,1
整理需求文档，与产品对齐了字段定义,1
今天完成了订单模块联调，测试通过,1
排查线上内存泄漏，定位到缓存未失效,1
配合前端完成接口对接，联调顺利,0
排查线上内存泄漏，定位到缓存未失效,1
今天完成了订单模块联调，测试通过,1
整理需求文档，与产品对齐了字段定义,1
修复了登录超时的问题并补充了单测,1
配合前端完成接口对接，联调顺利,0
配合前端完成接口对接，联调顺利,0
今天完成了订单模块联调，测试通过,1
整理需求文档，与产品对齐了字段定义,1
配合前端完成接口对接，联调顺利,0
配合前端完成接口对接，联调顺利,0
排查线上内存泄漏，定位到缓存未失效,1
排查线上内存泄漏，定位到缓存未失效,1
今天完成了订单模块联调，测试通过,1
排查线上内存泄漏，定位到缓存未失效,1
整理需求文档，与产品对齐了字段定义,1
今天完成了订单模块联调，测试通过,1
修复了登录超时的问题并补充了单测,1
整理需求文档，与产品对齐了字段定义,1
排查线上内存泄漏，定位到缓存未失效,1
整理需求文档，与产品对齐了字段定义,1
排查线上内存泄漏，定位到缓存未失效,1
配合前端完成接口对接，联调顺利,0
排查线上内存泄漏，定位到缓存未失效,1
修复了登录超时的问题并补充了单测,1
排查线上内存泄漏，定位到缓存未失效,1
整理需求文档，与产品对齐了字段定义,1
今天完成了订单模块联调，测试通过,1
今天完成了订单模块联调，测试通过,1
排查线上内存泄漏，定位到缓存未失效,1
修复了登录超时的问题并补充了单测,1
整理需求文档，与产品对齐了字段定义,1
修复了登录超时的问题并补充了单测,1
修复了登录超时的问题并补充了单测,1
今天完成了订单模块联调，测试通过,1
修复了登录超时的问题并补充了单测,1
配合前端完成接口对接，联调顺利,0
整理需求文档，与产品对齐了字段定义,1
修复了登录超时的问题并补充了单测,1
整理需求文档，与产品对齐了字段定义,1
配合前端完成接口对接，联调顺利,0
修复了登录超时的问题并补充了单测,1
整理需求文档，与产品对齐了字段定义,1
整理需求文档，与产品对齐了字段定义,1
排查线上内存泄漏，定位到缓存未失效,1
整理需求文档，与产品对齐了字段定义,1
排查线上内存泄漏，定位到缓存未失效,1
整理需求文档，与产品对齐了字段定义,1
排查线上内存泄漏，定位到缓存未失效,1
配合前端完成接口对接，联调顺利,0
今天完成了订单模块联调，测试通过,1
整理需求文档，与产品对齐了字段定义,1
整理需求文档，与产品对齐了字段定义,1
修复了登录超时的问题并补充了单测,1
修复了登录超时的问题并补充了单测,1
今天完成了订单模块联调，测试通过,1
整理需求文档，与产品对齐了字段定义,1
配合前端完成接口对接，联调顺利,0
今天完成了订单模块联调，测试通过,1
整理需求文档，与产品对齐了字段定义,1
配合前端完成接口对接，联调顺利,0
配合前端完成接口对接，联调顺利,0
修复了登录超时的问题并补充了单测,1
今天完成了订单模块联调，测试通过,1
排查线上内存泄漏，定位到缓存未失效,1
今天完成了订单模块联调，测试通过,1
修复了登录超时的问题并补充了单测,1
整理需求文档，与产品对齐了字段定义,1
配合前端完成接口对接，联调顺利,0
今天完成了订单模块联调，测试通过,1
排查线上内存泄漏，定位到缓存未失效,1
整理需求文档，与产品对齐了字段定义,1
今天完成了订单模块联调，测试通过,1
配合前端完成接口对接，联调顺利,0
配合前端完成接口对接，联调顺利,0
整理需求文档，与产品对齐了字段定义,1
配合前端完成接口对接，联调顺利,0
排查线上内存泄漏，定位到缓存未失效,1
配合前端完成接口对接，联调顺利,0
配合前端完成接口对接，联调顺利,0
整理需求文档，与产品对齐了字段定义,1
修复了登录超时的问题并补充了单测,1
今天完成了订单模块联调，测试通过,1
整理需求文档，与产品对齐了字段定义,1
今天完成了订单模块联调，测试通过,1
排查线上内存泄漏，定位到缓存未失效,1
配合前端完成接口对接，联调顺利,0
修复了登录超时的问题并补充了单测,1
整理需求文档，与产品对齐了字段定义,1
今天完成了订单模块联调，测试通过,1
今天完成了订单模块联调，测试通过,1
修复了登录超时的问题并补充了单测,1
配合前端完成接口对接，联调顺利,0
配合前端完成接口对接，联调顺利,0
排查线上内存泄漏，定位到缓存未失效,1
整理需求文档，与产品对齐了字段定义,1
整理需求文档，与产品对齐了字段定义,1
今天完成了订单模块联调，测试通过,1
修复了登录超时的问题并补充了单测,1
配合前端完成接口对接，联调顺利,0
整理需求文档，与产品对齐了字段定义,1
修复了登录超时的问题并补充了单测,1
修复了登录超时的问题并补充了单测,1
排查线上内存泄漏，定位到缓存未失效,1
今天完成了订单模块联调，测试通过,1
配合前端完成接口对接，联调顺利,0
配合前端完成接口对接，联调顺利,0
整理需求文档，与产品对齐了字段定义,1
整理需求文档，与产品对齐了字段定义,1
排查线上内存泄漏，定位到缓存未失效,1
整理需求文档，与产品对齐了字段定义,1
整理需求文档，与产品对齐了字段定义,1
修复了登录超时的问题并补充了单测,1
整理需求文档，与产品对齐了字段定义,1
排查线上内存泄漏，定位到缓存未失效,1
今天完成了订单模块联调，测试通过,1
今天完成了订单模块联调，测试通过,1
排查线上内存泄漏，定位到缓存未失效,1
修复了登录超时的问题并补充了单测,1
配合前端完成接口对接，联调顺利,0
今天完成了订单模块联调，测试通过,1
配合前端完成接口对接，联调顺利,0
今天完成了订单模块联调，测试通过,1
无,0
今天啥也没干,0
随便看看,0
还行吧,0
还行吧,0
无,0
随便看看,0
无,0
无,0
今天啥也没干,0
还行吧,0
摸鱼一天,0
随便看看,0
无,0
摸鱼一天,0
还行吧,0
今天啥也没干,0
摸鱼一天,0
今天啥也没干,0
无,0
无,0
还行吧,0
还行吧,0
今天啥也没干,0
今天啥也没干,0
随便看看,0
无,0
今天啥也没干,0
摸鱼一天,0
随便看看,0
无,0
还行吧,0
还行吧,0
今天啥也没干,0
还行吧,0
随便看看,0
今天啥也没干,0
无,0
今天啥也没干,0
今天啥也没干,0
今天啥也没干,0
随便看看,0
今天啥也没干,0
还行吧,0
无,0
还行吧,0
今天啥也没干,0
无,0
随便看看,0
还行吧,0
摸鱼一天,0
摸鱼一天,0
随便看看,0
随便看看,0
今天啥也没干,0
摸鱼一天,0
随便看看,0
随便看看,0
摸鱼一天,0
摸鱼一天,0
摸鱼一天,0
今天啥也没干,0
今天啥也没干,0
无,0
今天啥也没干,0
摸鱼一天,0
随便看看,0
摸鱼一天,0
随便看看,0
今天啥也没干,0
摸鱼一天,0
无,0
摸鱼一天,0
今天啥也没干,0
随便看看,0
无,0
今天啥也没干,0
无,0
今天啥也没干,0
今天啥也没干,0
还行吧,0
还行吧,0
无,0
无,0
今天啥也没干,0
无,0
今天啥也没干,0
今天啥也没干,0
摸鱼一天,0
无,0
还行吧,0
今天啥也没干,0
随便看看,0
随便看看,0
摸鱼一天,0
无,0
随便看看,0
无,0
无,0
今天啥也没干,0
无,0
整理需求文档，与产品对齐了字段定义,1
无,0
还行吧,0
摸鱼一天,0
摸鱼一天,0
排查线上内存泄漏，定位到缓存未失效,1
无,0
修复了登录超时的问题并补充了单测,1
摸鱼一天,0
今天啥也没干,0
今天啥也没干,0
整理需求文档，与产品对齐了字段定义,1
排查线上内存泄漏，定位到缓存未失效,1
摸鱼一天,0
排查线上内存泄漏，定位到缓存未失效,1
无,0
整理需求文档，与产品对齐了字段定义,1
修复了登录超时的问题并补充了单测,1
今天完成了订单模块联调，测试通过,1
配合前端完成接口对接，联调顺利,0
整理需求文档，与产品对齐了字段定义,1
整理需求文档，与产品对齐了字段定义,1
今天啥也没干,0
还行吧,0
还行吧,0
随便看看,0
修复了登录超时的问题并补充了单测,1
无,0
摸鱼一天,0
今天啥也没干,0
配合前端完成接口对接，联调顺利,0
修复了登录超时的问题并补充了单测,1
随便看看,0
配合前端完成接口对接，联调顺利,0
摸鱼一天,0
排查线上内存泄漏，定位到缓存未失效,1
排查线上内存泄漏，定位到缓存未失效,1
修复了登录超时的问题并补充了单测,1
今天啥也没干,0
无,0
配合前端完成接口对接，联调顺利,0
整理需求文档，与产品对齐了字段定义,1
摸鱼一天,0
配合前端完成接口对接，联调顺利,0
摸鱼一天,0
今天完成了订单模块联调，测试通过,1
修复了登录超时的问题并补充了单测,1
无,0
今天完成了订单模块联调，测试通过,1
